{
  "title": "Day Two",
  "subjects": [
    {
      "title": "Spring Cloud",
      "lessons": [
        {
          "title": "Introduction to Spring Cloud",
          "topic": "deployment",
          "materials": [
              {
                "title": "slides",
                "location": "day2-slides/scs-intro.pdf"
              }
          ]
        },
        {
          "title": "Spring Cloud Config",
          "topic": "deployment",
          "materials": [
              {
                "title": "slides",
                "location": "day2-slides/spring-cloud-config.pdf"
              },
            {
              "title": "lab",
              "location": "spring-cloud-config/lab04.html"
            }
          ]
        },
        {
          "title": "Spring Cloud Service Discovery",
          "topic": "deployment",
          "materials": [
              {
                "title": "slides",
                "location": "day2-slides/spring-cloud-service-discovery.pdf"
              },
            {
              "title": "lab",
              "location": "spring-cloud-service-discovery/lab05.html"
            }
          ]
        },
        {
          "title": "Spring Cloud Circuit Breaker",
          "topic": "deployment",
          "materials": [
              {
                "title": "slides",
                "location": "day2-slides/spring-cloud-circuit-breaker.pdf"
              },
            {
              "title": "lab",
              "location": "spring-cloud-circuit-breaker/lab06.html"
            }
          ]
        }
      ]
    }
  ]
}